imie;wiek;miasto
Zofia;65;Łódź
Anna;47;Kraków
Anna;28;Kielce
Marek;48;Kraków
Łukasz;52;Kielce
Piotr;18;Kraków
Łukasz;35;Kraków
Łukasz;28;Kielce
Ewa;57;Poznań
Agnieszka;26;Kraków
Anna;18;Kraków
Piotr;28;Kraków
Zofia;38;Kraków
Piotr;29;Kraków
Łukasz;37;Kielce
Marek;44;Kraków
Ewa;34;Kielce
Marek;37;Poznań
Anna;56;Łódź
Jan;37;Łódź
Zofia;48;Łódź
Ewa;48;Gdańsk
Ewa;21;Łódź
Anna;65;Łódź
Łukasz;19;Poznań
Łukasz;41;Gdańsk
Anna;46;Kielce
Ewa;57;Kraków
Jan;66;Kraków
Agnieszka;40;Poznań
Marek;51;Łódź
Agnieszka;24;Poznań
Marek;36;Kielce
Łukasz;23;Kraków
Marek;50;Poznań
Marek;27;Łódź
Zofia;62;Poznań
Jan;37;Łódź
Zofia;29;Kielce
Ewa;64;Łódź
Agnieszka;28;Kielce
Jan;56;Poznań
Łukasz;20;Kraków
Marek;70;Łódź
Agnieszka;59;Gdańsk
Ewa;21;Kielce
Agnieszka;39;Kraków
Ewa;64;Poznań
Ewa;58;Gdańsk
Jan;28;Gdańsk
